{
    "Lemoyne Raiders" : {
        "position":[2694.17041015625,-1506.7659912109376,42.72225189208984,358.3296813964844],
        "money":325.5800000000001
    }
}