{"Lemoyne Raiders":{"color":0,"funds":325.0,"tickets":10,"players":["Aaron Escobar"],"position":[2694.17041015625,-1506.7659912109376,42.72225189208984,358.3296813964844],"ped_members":[]},"Hunters":{"color":0,"funds":325.0,"tickets":10,"players":[],"position":[2694.17041015625,-1506.7659912109376,42.72225189208984,358.3296813964844],"ped_members":[]}}