{"Lemoyne Raiders":{"funds":325.0,"players":["Aaron Escobar"],"tickets":10,"position":[2694.17041015625,-1506.7659912109376,42.72225189208984,358.3296813964844],"color":0,"ped_members":[]},"Hunters":{"funds":325.0,"players":[],"tickets":10,"position":[2694.17041015625,-1506.7659912109376,42.72225189208984,358.3296813964844],"color":0,"ped_members":[]}}