{"Lemoyne Raiders":{"ped_members":[],"tickets":10,"color":0,"funds":325.0,"position":[2694.17041015625,-1506.7659912109376,42.72225189208984,358.3296813964844],"players":["Aaron Escobar"]},"Hunters":{"ped_members":[],"tickets":10,"color":0,"funds":325.0,"position":[2694.17041015625,-1506.7659912109376,42.72225189208984,358.3296813964844],"players":[]}}